ID,USER_ID,ORDER_DATE,STATUS,_ETL_LOADED_AT,DBT_SCD_ID,DBT_UPDATED_AT,DBT_VALID_FROM,DBT_VALID_TO
1,1,2018-01-01,returned,2026-08-02 01:25:11.485000,3d32fdd4e33f1007122b06859b1deae5,2026-08-21 12:00:12.958000,2026-08-21 12:00:12.958000,9999-12-31 00:00:00.000000
2,3,2018-01-02,completed,2026-08-02 01:25:11.485000,eb977aed1400daa3f9180a1df20ef26f,2026-08-21 12:00:12.958000,2026-08-21 12:00:12.958000,9999-12-31 00:00:00.000000
3,94,2018-01-04,completed,2026-08-02 01:25:11.485000,3d1a3af5ab283bb90b7a9b8315b746bf,2026-08-21 12:00:12.958000,2026-08-21 12:00:12.958000,9999-12-31 00:00:00.000000
4,50,2018-01-05,completed,2026-08-02 01:25:11.485000,c7b5875c8edfe790fcb0d8d1d4e778f7,2026-08-21 12:00:12.958000,2026-08-21 12:00:12.958000,9999-12-31 00:00:00.000000
5,64,2018-01-05,completed,2026-08-02 01:25:11.485000,e8fc824b0785fda3babbc45811e62270,2026-08-21 12:00:12.958000,2026-08-21 12:00:12.958000,9999-12-31 00:00:00.000000
6,54,2018-01-07,completed,2026-08-02 01:25:11.485000,880a38cdc2eff9f0bf950d4154578eb0,2026-08-21 12:00:12.958000,2026-08-21 12:00:12.958000,9999-12-31 00:00:00.000000
7,88,2018-01-09,completed,2026-08-02 01:25:11.485000,ea8ee7b26a2235e29809c65bd2e86023,2026-08-21 12:00:12.958000,2026-08-21 12:00:12.958000,9999-12-31 00:00:00.000000
8,2,2018-01-11,returned,2026-08-02 01:25:11.485000,4b21b064e651eb049e90d8cdd3255740,2026-08-21 12:00:12.958000,2026-08-21 12:00:12.958000,9999-12-31 00:00:00.000000
9,53,2018-01-12,completed,2026-08-02 01:25:11.485000,82abfef2ca0065257815a0f74bf942a7,2026-08-21 12:00:12.958000,2026-08-21 12:00:12.958000,9999-12-31 00:00:00.000000
10,7,2018-01-14,completed,2026-08-02 01:25:11.485000,fbe998a9aea23186aa07973e44590ef7,2026-08-21 12:00:12.958000,2026-08-21 12:00:12.958000,9999-12-31 00:00:00.000000
11,99,2018-01-14,completed,2026-08-02 01:25:11.485000,242cf6cf32bf0456b0d57ec7ad9a2fca,2026-08-21 12:00:12.958000,2026-08-21 12:00:12.958000,9999-12-31 00:00:00.000000
12,59,2018-01-15,completed,2026-08-02 01:25:11.485000,2bccf99456aca7bc4d2a1a8b419d0151,2026-08-21 12:00:12.958000,2026-08-21 12:00:12.958000,9999-12-31 00:00:00.000000
13,84,2018-01-17,completed,2026-08-02 01:25:11.485000,f7c0364a3e22f79758c331b66bb75ccc,2026-08-21 12:00:12.958000,2026-08-21 12:00:12.958000,9999-12-31 00:00:00.000000
14,40,2018-01-17,returned,2026-08-02 01:25:11.485000,d5a4624a7bffaaf47aa25d52bd8a7bb0,2026-08-21 12:00:12.958000,2026-08-21 12:00:12.958000,9999-12-31 00:00:00.000000
15,25,2018-01-17,completed,2026-08-02 01:25:11.485000,87d3b6461dbba923cf7369e1d519b6b8,2026-08-21 12:00:12.958000,2026-08-21 12:00:12.958000,9999-12-31 00:00:00.000000
16,39,2018-01-18,completed,2026-08-02 01:25:11.485000,12e27df1ea3e4e092083a7b02f915024,2026-08-21 12:00:12.958000,2026-08-21 12:00:12.958000,9999-12-31 00:00:00.000000
17,71,2018-01-18,completed,2026-08-02 01:25:11.485000,fef00a0f2e0829f6f2b7dbb596b15372,2026-08-21 12:00:12.958000,2026-08-21 12:00:12.958000,9999-12-31 00:00:00.000000
18,64,2018-01-20,returned,2026-08-02 01:25:11.485000,bc1472084c785476b1609f6e8f91fa86,2026-08-21 12:00:12.958000,2026-08-21 12:00:12.958000,9999-12-31 00:00:00.000000
19,54,2018-01-22,completed,2026-08-02 01:25:11.485000,6f224d1c1be316b25b4e14cc6d1527fd,2026-08-21 12:00:12.958000,2026-08-21 12:00:12.958000,9999-12-31 00:00:00.000000
20,20,2018-01-23,completed,2026-08-02 01:25:11.485000,896c31001c5f3f3b9fcea4144956a6ec,2026-08-21 12:00:12.958000,2026-08-21 12:00:12.958000,9999-12-31 00:00:00.000000
21,71,2018-01-23,completed,2026-08-02 01:25:11.485000,c46385013df237ff8b4ce97f44267bb1,2026-08-21 12:00:12.958000,2026-08-21 12:00:12.958000,9999-12-31 00:00:00.000000
22,86,2018-01-24,completed,2026-08-02 01:25:11.485000,7b4a57de23163ae6d215b48c98179007,2026-08-21 12:00:12.958000,2026-08-21 12:00:12.958000,9999-12-31 00:00:00.000000
23,22,2018-01-26,return_pending,2026-08-02 01:25:11.485000,c3f903cdd4587960e2ffd76a17af8282,2026-08-21 12:00:12.958000,2026-08-21 12:00:12.958000,9999-12-31 00:00:00.000000
24,3,2018-01-27,completed,2026-08-02 01:25:11.485000,7b1f7b01c7a197ebca4719831c1f0a39,2026-08-21 12:00:12.958000,2026-08-21 12:00:12.958000,9999-12-31 00:00:00.000000
25,51,2018-01-28,completed,2026-08-02 01:25:11.485000,dccc02a4fa2b123b389acee33107309e,2026-08-21 12:00:12.958000,2026-08-21 12:00:12.958000,9999-12-31 00:00:00.000000
26,32,2018-01-28,completed,2026-08-02 01:25:11.485000,033e4cdeee7ab2eb56c7fe431f9bd163,2026-08-21 12:00:12.958000,2026-08-21 12:00:12.958000,9999-12-31 00:00:00.000000
27,94,2018-01-29,completed,2026-08-02 01:25:11.485000,a1d4ef636bc37caa531c9e252fa34a35,2026-08-21 12:00:12.958000,2026-08-21 12:00:12.958000,9999-12-31 00:00:00.000000
28,8,2018-01-29,completed,2026-08-02 01:25:11.485000,e16355ef2b0164efe9f53a504061da97,2026-08-21 12:00:12.958000,2026-08-21 12:00:12.958000,9999-12-31 00:00:00.000000
29,57,2018-01-31,completed,2026-08-02 01:25:11.485000,1b5c48d2281df081e1443c647500b47b,2026-08-21 12:00:12.958000,2026-08-21 12:00:12.958000,9999-12-31 00:00:00.000000
30,69,2018-02-02,completed,2026-08-02 01:25:11.485000,4fa2a51a344a4ae934a31dea47a200a8,2026-08-21 12:00:12.958000,2026-08-21 12:00:12.958000,9999-12-31 00:00:00.000000
31,16,2018-02-02,completed,2026-08-02 01:25:11.485000,42f1de94a0bfd33b3a895aa10c018040,2026-08-21 12:00:12.958000,2026-08-21 12:00:12.958000,9999-12-31 00:00:00.000000
32,28,2018-02-04,completed,2026-08-02 01:25:11.485000,b7815c85df0434be46a8659de4e0a874,2026-08-21 12:00:12.958000,2026-08-21 12:00:12.958000,9999-12-31 00:00:00.000000
33,42,2018-02-04,completed,2026-08-02 01:25:11.485000,c5579496484e310d627b6f13c9a2e5f1,2026-08-21 12:00:12.958000,2026-08-21 12:00:12.958000,9999-12-31 00:00:00.000000
34,38,2018-02-06,completed,2026-08-02 01:25:11.485000,16cdce9450317de38d50ae110951caeb,2026-08-21 12:00:12.958000,2026-08-21 12:00:12.958000,9999-12-31 00:00:00.000000
35,80,2018-02-08,completed,2026-08-02 01:25:11.485000,7dc87ac19cc2c50f4dd89a771d8de8a4,2026-08-21 12:00:12.958000,2026-08-21 12:00:12.958000,9999-12-31 00:00:00.000000
36,85,2018-02-10,completed,2026-08-02 01:25:11.485000,086f9821b72eac91d882741907d72450,2026-08-21 12:00:12.958000,2026-08-21 12:00:12.958000,9999-12-31 00:00:00.000000
37,1,2018-02-10,completed,2026-08-02 01:25:11.485000,7849c8fb1b71fddbb4009af4b2fe9f94,2026-08-21 12:00:12.958000,2026-08-21 12:00:12.958000,9999-12-31 00:00:00.000000
38,51,2018-02-10,completed,2026-08-02 01:25:11.485000,37d624e4cf1907b204ef915d55dfad73,2026-08-21 12:00:12.958000,2026-08-21 12:00:12.958000,9999-12-31 00:00:00.000000
39,26,2018-02-11,completed,2026-08-02 01:25:11.485000,9ac68aeb36af6785d635e608add7a35d,2026-08-21 12:00:12.958000,2026-08-21 12:00:12.958000,9999-12-31 00:00:00.000000
40,33,2018-02-13,completed,2026-08-02 01:25:11.485000,27835c6d64656efa821375f2c8a1c25f,2026-08-21 12:00:12.958000,2026-08-21 12:00:12.958000,9999-12-31 00:00:00.000000
41,99,2018-02-14,completed,2026-08-02 01:25:11.485000,e48473f14859c5c071bd1fb8724dcc97,2026-08-21 12:00:12.958000,2026-08-21 12:00:12.958000,9999-12-31 00:00:00.000000
42,92,2018-02-16,completed,2026-08-02 01:25:11.485000,6255ad3d2723df1240b14f9e04f5d59b,2026-08-21 12:00:12.958000,2026-08-21 12:00:12.958000,9999-12-31 00:00:00.000000
43,31,2018-02-17,completed,2026-08-02 01:25:11.485000,1238e34818a41fdc8a3e84711d1ca3b4,2026-08-21 12:00:12.958000,2026-08-21 12:00:12.958000,9999-12-31 00:00:00.000000
44,66,2018-02-17,completed,2026-08-02 01:25:11.485000,60a055e9fb82f9a3130a4e8b271b0e99,2026-08-21 12:00:12.958000,2026-08-21 12:00:12.958000,9999-12-31 00:00:00.000000
45,22,2018-02-17,completed,2026-08-02 01:25:11.485000,4a2617c432777c4f29f94466975bf67d,2026-08-21 12:00:12.958000,2026-08-21 12:00:12.958000,9999-12-31 00:00:00.000000
46,6,2018-02-19,completed,2026-08-02 01:25:11.485000,6dcaa116e833e0fc95ef499d834aa0ea,2026-08-21 12:00:12.958000,2026-08-21 12:00:12.958000,9999-12-31 00:00:00.000000
47,50,2018-02-20,completed,2026-08-02 01:25:11.485000,cb17a51a73cdcfda2827c57853209300,2026-08-21 12:00:12.958000,2026-08-21 12:00:12.958000,9999-12-31 00:00:00.000000
48,27,2018-02-21,completed,2026-08-02 01:25:11.485000,8fd058811917eec62f01da2ad9d84022,2026-08-21 12:00:12.958000,2026-08-21 12:00:12.958000,9999-12-31 00:00:00.000000
49,35,2018-02-21,completed,2026-08-02 01:25:11.485000,c768c4cf36e76565b95d033cb3619e53,2026-08-21 12:00:12.958000,2026-08-21 12:00:12.958000,9999-12-31 00:00:00.000000
50,51,2018-02-23,completed,2026-08-02 01:25:11.485000,191bd1fc321a8d619182d827692e3ddb,2026-08-21 12:00:12.958000,2026-08-21 12:00:12.958000,9999-12-31 00:00:00.000000
51,71,2018-02-24,completed,2026-08-02 01:25:11.485000,cd9384055a73dfeb7d21106885d1afe1,2026-08-21 12:00:12.958000,2026-08-21 12:00:12.958000,9999-12-31 00:00:00.000000
52,54,2018-02-25,return_pending,2026-08-02 01:25:11.485000,c416d3252c900ac1f57dcb6be31f37f8,2026-08-21 12:00:12.958000,2026-08-21 12:00:12.958000,9999-12-31 00:00:00.000000
53,34,2018-02-26,completed,2026-08-02 01:25:11.485000,3300424a0f1298b928dada3d0b6ca117,2026-08-21 12:00:12.958000,2026-08-21 12:00:12.958000,9999-12-31 00:00:00.000000
54,54,2018-02-26,completed,2026-08-02 01:25:11.485000,8eea0eb0c22020f9be0bfc70e2a1d846,2026-08-21 12:00:12.958000,2026-08-21 12:00:12.958000,9999-12-31 00:00:00.000000
55,18,2018-02-27,completed,2026-08-02 01:25:11.485000,6a28c44bf091442f077089f59eee7c17,2026-08-21 12:00:12.958000,2026-08-21 12:00:12.958000,9999-12-31 00:00:00.000000
56,79,2018-02-28,completed,2026-08-02 01:25:11.485000,1bc1fd5e921a62de6797345116b1b8df,2026-08-21 12:00:12.958000,2026-08-21 12:00:12.958000,9999-12-31 00:00:00.000000
57,93,2018-03-01,completed,2026-08-02 01:25:11.485000,b867a5e6453343a4faa21861484f6788,2026-08-21 12:00:12.958000,2026-08-21 12:00:12.958000,9999-12-31 00:00:00.000000
58,22,2018-03-01,completed,2026-08-02 01:25:11.485000,ff89b75a5e502ed3562972d3823cc0af,2026-08-21 12:00:12.958000,2026-08-21 12:00:12.958000,9999-12-31 00:00:00.000000
59,30,2018-03-02,completed,2026-08-02 01:25:11.485000,4323d20b9666ae27f362f8ba7da75702,2026-08-21 12:00:12.958000,2026-08-21 12:00:12.958000,9999-12-31 00:00:00.000000
60,12,2018-03-03,completed,2026-08-02 01:25:11.485000,bd2f8c7d1aba386ed1d741c27f72470f,2026-08-21 12:00:12.958000,2026-08-21 12:00:12.958000,9999-12-31 00:00:00.000000
61,63,2018-03-03,completed,2026-08-02 01:25:11.485000,c5c2421f0f38d986696c38b6793ddfdc,2026-08-21 12:00:12.958000,2026-08-21 12:00:12.958000,9999-12-31 00:00:00.000000
62,57,2018-03-05,completed,2026-08-02 01:25:11.485000,6adf1ceb0f7e27e569cdd059ab30e015,2026-08-21 12:00:12.958000,2026-08-21 12:00:12.958000,9999-12-31 00:00:00.000000
63,70,2018-03-06,completed,2026-08-02 01:25:11.485000,34561655880e898528f2908c9cda6acf,2026-08-21 12:00:12.958000,2026-08-21 12:00:12.958000,9999-12-31 00:00:00.000000
64,13,2018-03-07,completed,2026-08-02 01:25:11.485000,94345540fbd228fea04c7b05e9a2b574,2026-08-21 12:00:12.958000,2026-08-21 12:00:12.958000,9999-12-31 00:00:00.000000
65,26,2018-03-08,completed,2026-08-02 01:25:11.485000,64304a06293b22e17b9dea85d013aab5,2026-08-21 12:00:12.958000,2026-08-21 12:00:12.958000,9999-12-31 00:00:00.000000
66,36,2018-03-10,completed,2026-08-02 01:25:11.485000,9223b6f2e1113bc2ba1cf43b8e3eebeb,2026-08-21 12:00:12.958000,2026-08-21 12:00:12.958000,9999-12-31 00:00:00.000000
67,79,2018-03-11,completed,2026-08-02 01:25:11.485000,55103cbc4db253ea220845bdc48508a4,2026-08-21 12:00:12.958000,2026-08-21 12:00:12.958000,9999-12-31 00:00:00.000000
68,53,2018-03-11,completed,2026-08-02 01:25:11.485000,d94f0acd7cfbdb78112f5759365579b9,2026-08-21 12:00:12.958000,2026-08-21 12:00:12.958000,9999-12-31 00:00:00.000000
69,3,2018-03-11,completed,2026-08-02 01:25:11.485000,86d60efc852483969b146682958c29e4,2026-08-21 12:00:12.958000,2026-08-21 12:00:12.958000,9999-12-31 00:00:00.000000
70,8,2018-03-12,completed,2026-08-02 01:25:11.485000,e89c8fb3ee7dffdcd60a876457057ba5,2026-08-21 12:00:12.958000,2026-08-21 12:00:12.958000,9999-12-31 00:00:00.000000
71,42,2018-03-12,shipped,2026-08-02 01:25:11.485000,7579033c7e876d08141a5c1ea319369b,2026-08-21 12:00:12.958000,2026-08-21 12:00:12.958000,9999-12-31 00:00:00.000000
72,30,2018-03-14,shipped,2026-08-02 01:25:11.485000,1634e77e14d4687cfb39a54d099c1b15,2026-08-21 12:00:12.958000,2026-08-21 12:00:12.958000,9999-12-31 00:00:00.000000
73,19,2018-03-16,completed,2026-08-02 01:25:11.485000,d56ab404466ab883a6d5edf44eebc5bb,2026-08-21 12:00:12.958000,2026-08-21 12:00:12.958000,9999-12-31 00:00:00.000000
74,9,2018-03-17,shipped,2026-08-02 01:25:11.485000,c7f8210af292e6ff8ab65961955ce950,2026-08-21 12:00:12.958000,2026-08-21 12:00:12.958000,9999-12-31 00:00:00.000000
75,69,2018-03-18,completed,2026-08-02 01:25:11.485000,6c1247b54e37a8a2c1ed1e816e8d2161,2026-08-21 12:00:12.958000,2026-08-21 12:00:12.958000,9999-12-31 00:00:00.000000
76,25,2018-03-20,completed,2026-08-02 01:25:11.485000,6d198c7f1c2fd1585eadf6615f6cf956,2026-08-21 12:00:12.958000,2026-08-21 12:00:12.958000,9999-12-31 00:00:00.000000
77,35,2018-03-21,shipped,2026-08-02 01:25:11.485000,f59f9bb72df6413ba950994f242443fa,2026-08-21 12:00:12.958000,2026-08-21 12:00:12.958000,9999-12-31 00:00:00.000000
78,90,2018-03-23,shipped,2026-08-02 01:25:11.485000,690c80df888ad966d3bca4c6b6a15d84,2026-08-21 12:00:12.958000,2026-08-21 12:00:12.958000,9999-12-31 00:00:00.000000
79,52,2018-03-23,shipped,2026-08-02 01:25:11.485000,b4f43f57e01d09532bf62d1028d379b6,2026-08-21 12:00:12.958000,2026-08-21 12:00:12.958000,9999-12-31 00:00:00.000000
80,11,2018-03-23,shipped,2026-08-02 01:25:11.485000,f6129de7730a8818afa8df80dfccc165,2026-08-21 12:00:12.958000,2026-08-21 12:00:12.958000,9999-12-31 00:00:00.000000
81,76,2018-03-23,shipped,2026-08-02 01:25:11.485000,21f4ec51384a775359cd0f856de8bd57,2026-08-21 12:00:12.958000,2026-08-21 12:00:12.958000,9999-12-31 00:00:00.000000
82,46,2018-03-24,shipped,2026-08-02 01:25:11.485000,c495dbe33dbee297567187a97b5ef85f,2026-08-21 12:00:12.958000,2026-08-21 12:00:12.958000,9999-12-31 00:00:00.000000
83,54,2018-03-24,shipped,2026-08-02 01:25:11.485000,245cfd77304493a852be4720b9ce687c,2026-08-21 12:00:12.958000,2026-08-21 12:00:12.958000,9999-12-31 00:00:00.000000
84,70,2018-03-26,placed,2026-08-02 01:25:11.485000,8099b5c856f9cc2fd680d30e4f27748c,2026-08-21 12:00:12.958000,2026-08-21 12:00:12.958000,9999-12-31 00:00:00.000000
85,47,2018-03-26,shipped,2026-08-02 01:25:11.485000,7b6d109c86a6c2c2ad90a7278e03292b,2026-08-21 12:00:12.958000,2026-08-21 12:00:12.958000,9999-12-31 00:00:00.000000
86,68,2018-03-26,placed,2026-08-02 01:25:11.485000,c5f00a0faf2520d9dd57c4437255e369,2026-08-21 12:00:12.958000,2026-08-21 12:00:12.958000,9999-12-31 00:00:00.000000
87,46,2018-03-27,placed,2026-08-02 01:25:11.485000,fc8c939e6236e5158e8c07a0789c2bfa,2026-08-21 12:00:12.958000,2026-08-21 12:00:12.958000,9999-12-31 00:00:00.000000
88,91,2018-03-27,shipped,2026-08-02 01:25:11.485000,2e050e507aa74b80338272d2a1324ee9,2026-08-21 12:00:12.958000,2026-08-21 12:00:12.958000,9999-12-31 00:00:00.000000
89,21,2018-03-28,placed,2026-08-02 01:25:11.485000,0af51add05116a3333f49fca8e8cd823,2026-08-21 12:00:12.958000,2026-08-21 12:00:12.958000,9999-12-31 00:00:00.000000
90,66,2018-03-30,shipped,2026-08-02 01:25:11.485000,b39ef4d7bd731372de97307481427b85,2026-08-21 12:00:12.958000,2026-08-21 12:00:12.958000,9999-12-31 00:00:00.000000
91,47,2018-03-31,placed,2026-08-02 01:25:11.485000,e30be75e58732310634c5405582abae6,2026-08-21 12:00:12.958000,2026-08-21 12:00:12.958000,9999-12-31 00:00:00.000000
92,84,2018-04-02,placed,2026-08-02 01:25:11.485000,45c42f9e6985584a11f007b55c5fc788,2026-08-21 12:00:12.958000,2026-08-21 12:00:12.958000,9999-12-31 00:00:00.000000
93,66,2018-04-03,placed,2026-08-02 01:25:11.485000,f5177607d51b205530ebde3fc21a690b,2026-08-21 12:00:12.958000,2026-08-21 12:00:12.958000,9999-12-31 00:00:00.000000
94,63,2018-04-03,placed,2026-08-02 01:25:11.485000,5a0418116ee8af8d6f445e3e12883948,2026-08-21 12:00:12.958000,2026-08-21 12:00:12.958000,9999-12-31 00:00:00.000000
95,27,2018-04-04,placed,2026-08-02 01:25:11.485000,8a0faa3d6be9c266200e3b6c9efb95a2,2026-08-21 12:00:12.958000,2026-08-21 12:00:12.958000,9999-12-31 00:00:00.000000
96,90,2018-04-06,placed,2026-08-02 01:25:11.485000,64770a5bb8c72bd547ae44ee06fcb36e,2026-08-21 12:00:12.958000,2026-08-21 12:00:12.958000,9999-12-31 00:00:00.000000
97,89,2018-04-07,placed,2026-08-02 01:25:11.485000,fc14b05b8a0af643d2f0a8431e0e6106,2026-08-21 12:00:12.958000,2026-08-21 12:00:12.958000,9999-12-31 00:00:00.000000
98,41,2018-04-07,placed,2026-08-02 01:25:11.485000,c88f329388c303d15ea99ed7cedd64f8,2026-08-21 12:00:12.958000,2026-08-21 12:00:12.958000,9999-12-31 00:00:00.000000
99,85,2018-04-09,placed,2026-08-02 01:25:11.485000,68f2b600690bdcd3c0e2db7938a61ff8,2026-08-21 12:00:12.958000,2026-08-21 12:00:12.958000,9999-12-31 00:00:00.000000
100,100,2025-02-15,shipped,2026-08-20 07:37:03.562000,f4fb4c3da8ad969356655b924070d0ab,2026-08-21 12:00:12.958000,2026-08-21 12:00:12.958000,9999-12-31 00:00:00.000000
101,84,2025-02-15,shipped,2026-08-20 07:37:03.562000,69d830df39ec79657423388cb4352116,2026-08-21 12:00:12.958000,2026-08-21 12:00:12.958000,9999-12-31 00:00:00.000000
102,42,2025-02-15,shipped,2026-08-20 07:37:03.562000,dcdd432aa925a8766550b3b20dfce2a5,2026-08-21 12:00:12.958000,2026-08-21 12:00:12.958000,9999-12-31 00:00:00.000000
103,27,2025-02-15,shipped,2026-08-20 07:37:03.562000,59e5ee359141694a9183a9e8a4d2e21c,2026-08-21 12:00:12.958000,2026-08-21 12:00:12.958000,9999-12-31 00:00:00.000000
104,66,2025-02-15,placed,2026-08-20 07:22:04.924000,a21dcc9b93894959e1dce88aa8b101da,2026-08-21 12:00:12.958000,2026-08-21 12:00:12.958000,9999-12-31 00:00:00.000000
