schema,table,ordinal,column,snowflake_type,snowflake_nullable,driver_arrow_type,arrow_type,parquet_physical_type
dbt_learning,customer_orders_legacy,1,customer_id,"NUMBER(38,0)",YES,int8,"decimal128(38, 0)",FIXED_LEN_BYTE_ARRAY
dbt_learning,customer_orders_legacy,2,order_id,"NUMBER(38,0)",YES,int8,"decimal128(38, 0)",FIXED_LEN_BYTE_ARRAY
dbt_learning,customer_orders_legacy,3,order_placed_at,DATE,YES,date32[day],date32[day],INT32
dbt_learning,customer_orders_legacy,4,order_status,TEXT(16777216),YES,string,string,BYTE_ARRAY
dbt_learning,customer_orders_legacy,5,total_amount_paid,"NUMBER(38,6)",YES,"decimal128(38, 6)","decimal128(38, 6)",FIXED_LEN_BYTE_ARRAY
dbt_learning,customer_orders_legacy,6,payment_finalized_date,DATE,YES,date32[day],date32[day],INT32
dbt_learning,customer_orders_legacy,7,customer_first_name,TEXT(16777216),YES,string,string,BYTE_ARRAY
dbt_learning,customer_orders_legacy,8,customer_last_name,TEXT(16777216),YES,string,string,BYTE_ARRAY
dbt_learning,customer_orders_legacy,9,transaction_seq,"NUMBER(18,0)",YES,int8,int64,INT64
dbt_learning,customer_orders_legacy,10,customer_sales_seq,"NUMBER(18,0)",YES,int8,int64,INT64
dbt_learning,customer_orders_legacy,11,nvsr,TEXT(6),YES,string,string,BYTE_ARRAY
dbt_learning,customer_orders_legacy,12,running_clv,"NUMBER(38,6)",YES,"decimal128(38, 6)","decimal128(38, 6)",FIXED_LEN_BYTE_ARRAY
dbt_learning,customer_orders_legacy,13,fdos,DATE,YES,date32[day],date32[day],INT32
dbt_learning,date_spine,1,date_day,DATE,NO,date32[day],date32[day],INT32
dbt_learning,dim_customers,1,customer_id,"NUMBER(38,0)",YES,int8,"decimal128(38, 0)",FIXED_LEN_BYTE_ARRAY
dbt_learning,dim_customers,2,customer_first_name,TEXT(16777216),YES,string,string,BYTE_ARRAY
dbt_learning,dim_customers,3,customer_last_name,TEXT(16777216),YES,string,string,BYTE_ARRAY
dbt_learning,dim_customers,4,first_order_date,DATE,YES,date32[day],date32[day],INT32
dbt_learning,dim_customers,5,most_recent_order_date,DATE,YES,date32[day],date32[day],INT32
dbt_learning,dim_customers,6,number_of_orders,"NUMBER(18,0)",YES,int8,int64,INT64
dbt_learning,dim_customers,7,lifetime_value,"NUMBER(38,2)",YES,"decimal128(38, 2)","decimal128(38, 2)",FIXED_LEN_BYTE_ARRAY
dbt_learning,employees,1,employee_id,"NUMBER(38,0)",YES,int16,"decimal128(38, 0)",FIXED_LEN_BYTE_ARRAY
dbt_learning,employees,2,email,TEXT(16777216),YES,string,string,BYTE_ARRAY
dbt_learning,employees,3,customer_id,"NUMBER(38,0)",YES,int8,"decimal128(38, 0)",FIXED_LEN_BYTE_ARRAY
dbt_learning,fct_customer_orders,1,order_id,"NUMBER(38,0)",YES,int8,"decimal128(38, 0)",FIXED_LEN_BYTE_ARRAY
dbt_learning,fct_customer_orders,2,customer_id,"NUMBER(38,0)",YES,int8,"decimal128(38, 0)",FIXED_LEN_BYTE_ARRAY
dbt_learning,fct_customer_orders,3,order_placed_at,DATE,YES,date32[day],date32[day],INT32
dbt_learning,fct_customer_orders,4,order_status,TEXT(16777216),YES,string,string,BYTE_ARRAY
dbt_learning,fct_customer_orders,5,total_amount_paid,"NUMBER(38,2)",YES,"decimal128(38, 2)","decimal128(38, 2)",FIXED_LEN_BYTE_ARRAY
dbt_learning,fct_customer_orders,6,payment_finalized_date,DATE,YES,date32[day],date32[day],INT32
dbt_learning,fct_customer_orders,7,customer_first_name,TEXT(16777216),YES,string,string,BYTE_ARRAY
dbt_learning,fct_customer_orders,8,customer_last_name,TEXT(16777216),YES,string,string,BYTE_ARRAY
dbt_learning,fct_customer_orders,9,transaction_seq,"NUMBER(18,0)",YES,int8,int64,INT64
dbt_learning,fct_customer_orders,10,customer_sales_seq,"NUMBER(18,0)",YES,int8,int64,INT64
dbt_learning,fct_customer_orders,11,nvsr,TEXT(6),YES,string,string,BYTE_ARRAY
dbt_learning,fct_customer_orders,12,running_clv,"NUMBER(38,2)",YES,"decimal128(38, 2)","decimal128(38, 2)",FIXED_LEN_BYTE_ARRAY
dbt_learning,fct_customer_orders,13,fdos,DATE,YES,date32[day],date32[day],INT32
dbt_learning,fct_orders,1,order_id,"NUMBER(38,0)",YES,int8,"decimal128(38, 0)",FIXED_LEN_BYTE_ARRAY
dbt_learning,fct_orders,2,customer_id,"NUMBER(38,0)",YES,int8,"decimal128(38, 0)",FIXED_LEN_BYTE_ARRAY
dbt_learning,fct_orders,3,order_placed_at,DATE,YES,date32[day],date32[day],INT32
dbt_learning,fct_orders,4,order_status,TEXT(16777216),YES,string,string,BYTE_ARRAY
dbt_learning,fct_orders,5,total_order_amount,"NUMBER(38,2)",YES,"decimal128(38, 2)","decimal128(38, 2)",FIXED_LEN_BYTE_ARRAY
dbt_learning,fct_orders,6,payment_finalized_date,DATE,YES,date32[day],date32[day],INT32
dbt_learning,fct_orders,7,transaction_seq,"NUMBER(18,0)",YES,int8,int64,INT64
dbt_learning,fct_orders,8,customer_sales_seq,"NUMBER(18,0)",YES,int8,int64,INT64
dbt_learning,fct_orders,9,nvsr,TEXT(6),YES,string,string,BYTE_ARRAY
dbt_learning,fct_orders,10,fdos,DATE,YES,date32[day],date32[day],INT32
dbt_learning,fct_orders,11,running_clv,"NUMBER(38,2)",YES,"decimal128(38, 2)","decimal128(38, 2)",FIXED_LEN_BYTE_ARRAY
dbt_learning,int_orders__pivoted,1,order_id,"NUMBER(38,0)",YES,int8,"decimal128(38, 0)",FIXED_LEN_BYTE_ARRAY
dbt_learning,int_orders__pivoted,2,credit_card_amount,"NUMBER(38,2)",YES,"decimal128(38, 2)","decimal128(38, 2)",FIXED_LEN_BYTE_ARRAY
dbt_learning,int_orders__pivoted,3,coupon_amount,"NUMBER(38,2)",YES,"decimal128(38, 2)","decimal128(38, 2)",FIXED_LEN_BYTE_ARRAY
dbt_learning,int_orders__pivoted,4,bank_transfer_amount,"NUMBER(38,2)",YES,"decimal128(38, 2)","decimal128(38, 2)",FIXED_LEN_BYTE_ARRAY
dbt_learning,int_orders__pivoted,5,gift_card_amount,"NUMBER(38,2)",YES,"decimal128(38, 2)","decimal128(38, 2)",FIXED_LEN_BYTE_ARRAY
dbt_learning,int_order_payments,1,order_id,"NUMBER(38,0)",YES,int8,"decimal128(38, 0)",FIXED_LEN_BYTE_ARRAY
dbt_learning,int_order_payments,2,payment_finalized_date,DATE,YES,date32[day],date32[day],INT32
dbt_learning,int_order_payments,3,total_order_amount,"NUMBER(38,2)",YES,"decimal128(38, 2)","decimal128(38, 2)",FIXED_LEN_BYTE_ARRAY
dbt_learning,int_order_payments,4,_batched_at,TIMESTAMP_NTZ,YES,timestamp[ns],timestamp[us],INT64
dbt_learning,is_holiday_2024,1,date_day,DATE,YES,date32[day],date32[day],INT32
dbt_learning,is_holiday_2024,2,is_holiday,BOOLEAN,YES,bool,bool,BOOLEAN
dbt_learning,stg_jaffle_shop_customers,1,customer_id,"NUMBER(38,0)",YES,int8,"decimal128(38, 0)",FIXED_LEN_BYTE_ARRAY
dbt_learning,stg_jaffle_shop_customers,2,customer_first_name,TEXT(16777216),YES,string,string,BYTE_ARRAY
dbt_learning,stg_jaffle_shop_customers,3,customer_last_name,TEXT(16777216),YES,string,string,BYTE_ARRAY
dbt_learning,stg_jaffle_shop_orders,1,order_id,"NUMBER(38,0)",YES,int8,"decimal128(38, 0)",FIXED_LEN_BYTE_ARRAY
dbt_learning,stg_jaffle_shop_orders,2,customer_id,"NUMBER(38,0)",YES,int8,"decimal128(38, 0)",FIXED_LEN_BYTE_ARRAY
dbt_learning,stg_jaffle_shop_orders,3,order_placed_at,DATE,YES,date32[day],date32[day],INT32
dbt_learning,stg_jaffle_shop_orders,4,order_status,TEXT(16777216),YES,string,string,BYTE_ARRAY
dbt_learning,stg_jaffle_shop_orders,5,_etl_loaded_at,TIMESTAMP_NTZ,YES,timestamp[ns],timestamp[us],INT64
dbt_learning,stg_stripe_payment,1,order_id,"NUMBER(38,0)",YES,int8,"decimal128(38, 0)",FIXED_LEN_BYTE_ARRAY
dbt_learning,stg_stripe_payment,2,payment_id,"NUMBER(38,0)",YES,int16,"decimal128(38, 0)",FIXED_LEN_BYTE_ARRAY
dbt_learning,stg_stripe_payment,3,payment_method,TEXT(16777216),YES,string,string,BYTE_ARRAY
dbt_learning,stg_stripe_payment,4,payment_status,TEXT(16777216),YES,string,string,BYTE_ARRAY
dbt_learning,stg_stripe_payment,5,payment_amount,"NUMBER(38,2)",YES,"decimal128(38, 2)","decimal128(38, 2)",FIXED_LEN_BYTE_ARRAY
dbt_learning,stg_stripe_payment,6,payment_created_at,DATE,YES,date32[day],date32[day],INT32
dbt_learning,stg_stripe_payment,7,_batched_at,TIMESTAMP_NTZ,YES,timestamp[ns],timestamp[us],INT64
mesh_dev,dim_product_supplies,1,product_id,TEXT(16777216),YES,string,string,BYTE_ARRAY
mesh_dev,dim_product_supplies,2,product_name,TEXT(16777216),YES,string,string,BYTE_ARRAY
mesh_dev,dim_product_supplies,3,product_type,TEXT(16777216),YES,string,string,BYTE_ARRAY
mesh_dev,dim_product_supplies,4,product_description,TEXT(16777216),YES,string,string,BYTE_ARRAY
mesh_dev,dim_product_supplies,5,product_price,"NUMBER(38,6)",YES,"decimal128(38, 6)","decimal128(38, 6)",FIXED_LEN_BYTE_ARRAY
mesh_dev,dim_product_supplies,6,is_food_item,BOOLEAN,YES,bool,bool,BOOLEAN
mesh_dev,dim_product_supplies,7,is_drink_item,BOOLEAN,YES,bool,bool,BOOLEAN
mesh_dev,dim_product_supplies,8,supply_cost,"NUMBER(38,6)",YES,"decimal128(38, 6)","decimal128(38, 6)",FIXED_LEN_BYTE_ARRAY
mesh_dev,fct_orders,1,order_id,TEXT(16777216),YES,string,string,BYTE_ARRAY
mesh_dev,fct_orders,2,location_id,TEXT(16777216),YES,string,string,BYTE_ARRAY
mesh_dev,fct_orders,3,customer_id,TEXT(16777216),YES,string,string,BYTE_ARRAY
mesh_dev,fct_orders,4,order_total,"NUMBER(38,6)",YES,"decimal128(38, 6)","decimal128(38, 6)",FIXED_LEN_BYTE_ARRAY
mesh_dev,fct_orders,5,tax_paid,"NUMBER(38,6)",YES,"decimal128(38, 6)","decimal128(38, 6)",FIXED_LEN_BYTE_ARRAY
mesh_dev,fct_orders,6,ordered_at,TIMESTAMP_NTZ,YES,timestamp[ns],timestamp[us],INT64
mesh_dev,fct_orders,7,customer_name,TEXT(16777216),YES,string,string,BYTE_ARRAY
mesh_dev,fct_orders,8,location_name,TEXT(16777216),YES,string,string,BYTE_ARRAY
mesh_dev,fct_orders,9,tax_rate,"NUMBER(38,4)",YES,"decimal128(38, 4)","decimal128(38, 4)",FIXED_LEN_BYTE_ARRAY
mesh_dev,fct_orders,10,location_opened_at,TIMESTAMP_NTZ,YES,timestamp[ns],timestamp[us],INT64
mesh_dev,fct_orders,11,ordered_month,"NUMBER(2,0)",YES,int8,int64,INT64
mesh_dev,fct_orders,12,ordered_day,"NUMBER(2,0)",YES,int8,int64,INT64
mesh_dev,fct_orders,13,ordered_year,"NUMBER(4,0)",YES,int16,int64,INT64
mesh_dev,fct_order_items,1,order_item_id,TEXT(16777216),YES,string,string,BYTE_ARRAY
mesh_dev,fct_order_items,2,order_id,TEXT(16777216),YES,string,string,BYTE_ARRAY
mesh_dev,fct_order_items,3,product_id,TEXT(16777216),YES,string,string,BYTE_ARRAY
mesh_dev,fct_order_items,4,location_id,TEXT(16777216),YES,string,string,BYTE_ARRAY
mesh_dev,fct_order_items,5,customer_id,TEXT(16777216),YES,string,string,BYTE_ARRAY
mesh_dev,fct_order_items,6,order_total,"NUMBER(38,6)",YES,"decimal128(38, 6)","decimal128(38, 6)",FIXED_LEN_BYTE_ARRAY
mesh_dev,fct_order_items,7,tax_paid,"NUMBER(38,6)",YES,"decimal128(38, 6)","decimal128(38, 6)",FIXED_LEN_BYTE_ARRAY
mesh_dev,fct_order_items,8,ordered_at,TIMESTAMP_NTZ,YES,timestamp[ns],timestamp[us],INT64
mesh_dev,fct_order_items,9,customer_name,TEXT(16777216),YES,string,string,BYTE_ARRAY
mesh_dev,fct_order_items,10,location_name,TEXT(16777216),YES,string,string,BYTE_ARRAY
mesh_dev,fct_order_items,11,tax_rate,"NUMBER(38,4)",YES,"decimal128(38, 4)","decimal128(38, 4)",FIXED_LEN_BYTE_ARRAY
mesh_dev,fct_order_items,12,location_opened_at,TIMESTAMP_NTZ,YES,timestamp[ns],timestamp[us],INT64
mesh_dev,int_orders,1,order_id,TEXT(16777216),YES,string,string,BYTE_ARRAY
mesh_dev,int_orders,2,location_id,TEXT(16777216),YES,string,string,BYTE_ARRAY
mesh_dev,int_orders,3,customer_id,TEXT(16777216),YES,string,string,BYTE_ARRAY
mesh_dev,int_orders,4,order_total,"NUMBER(38,6)",YES,"decimal128(38, 6)","decimal128(38, 6)",FIXED_LEN_BYTE_ARRAY
mesh_dev,int_orders,5,tax_paid,"NUMBER(38,6)",YES,"decimal128(38, 6)","decimal128(38, 6)",FIXED_LEN_BYTE_ARRAY
mesh_dev,int_orders,6,ordered_at,TIMESTAMP_NTZ,YES,timestamp[ns],timestamp[us],INT64
mesh_dev,int_orders,7,customer_name,TEXT(16777216),YES,string,string,BYTE_ARRAY
mesh_dev,int_orders,8,location_name,TEXT(16777216),YES,string,string,BYTE_ARRAY
mesh_dev,int_orders,9,tax_rate,"NUMBER(38,4)",YES,"decimal128(38, 4)","decimal128(38, 4)",FIXED_LEN_BYTE_ARRAY
mesh_dev,int_orders,10,location_opened_at,TIMESTAMP_NTZ,YES,timestamp[ns],timestamp[us],INT64
mesh_dev,stg_customers,1,customer_id,TEXT(16777216),YES,string,string,BYTE_ARRAY
mesh_dev,stg_customers,2,customer_name,TEXT(16777216),YES,string,string,BYTE_ARRAY
mesh_dev,stg_jaffle_shop__customers,1,customer_id,TEXT(16777216),YES,string,string,BYTE_ARRAY
mesh_dev,stg_jaffle_shop__customers,2,customer_name,TEXT(16777216),YES,string,string,BYTE_ARRAY
mesh_dev,stg_jaffle_shop__locations,1,location_id,TEXT(16777216),YES,string,string,BYTE_ARRAY
mesh_dev,stg_jaffle_shop__locations,2,location_name,TEXT(16777216),YES,string,string,BYTE_ARRAY
mesh_dev,stg_jaffle_shop__locations,3,tax_rate,"NUMBER(38,4)",YES,"decimal128(38, 4)","decimal128(38, 4)",FIXED_LEN_BYTE_ARRAY
mesh_dev,stg_jaffle_shop__locations,4,location_opened_at,TIMESTAMP_NTZ,YES,timestamp[ns],timestamp[us],INT64
mesh_dev,stg_jaffle_shop__orders,1,order_id,TEXT(16777216),YES,string,string,BYTE_ARRAY
mesh_dev,stg_jaffle_shop__orders,2,location_id,TEXT(16777216),YES,string,string,BYTE_ARRAY
mesh_dev,stg_jaffle_shop__orders,3,customer_id,TEXT(16777216),YES,string,string,BYTE_ARRAY
mesh_dev,stg_jaffle_shop__orders,4,order_total,"NUMBER(38,6)",YES,"decimal128(38, 6)","decimal128(38, 6)",FIXED_LEN_BYTE_ARRAY
mesh_dev,stg_jaffle_shop__orders,5,tax_paid,"NUMBER(38,6)",YES,"decimal128(38, 6)","decimal128(38, 6)",FIXED_LEN_BYTE_ARRAY
mesh_dev,stg_jaffle_shop__orders,6,ordered_at,TIMESTAMP_NTZ,YES,timestamp[ns],timestamp[us],INT64
mesh_dev,stg_jaffle_shop__order_items,1,order_item_id,TEXT(16777216),YES,string,string,BYTE_ARRAY
mesh_dev,stg_jaffle_shop__order_items,2,order_id,TEXT(16777216),YES,string,string,BYTE_ARRAY
mesh_dev,stg_jaffle_shop__order_items,3,product_id,TEXT(16777216),YES,string,string,BYTE_ARRAY
mesh_dev,stg_jaffle_shop__products,1,product_id,TEXT(16777216),YES,string,string,BYTE_ARRAY
mesh_dev,stg_jaffle_shop__products,2,product_name,TEXT(16777216),YES,string,string,BYTE_ARRAY
mesh_dev,stg_jaffle_shop__products,3,product_type,TEXT(16777216),YES,string,string,BYTE_ARRAY
mesh_dev,stg_jaffle_shop__products,4,product_description,TEXT(16777216),YES,string,string,BYTE_ARRAY
mesh_dev,stg_jaffle_shop__products,5,product_price,"NUMBER(38,6)",YES,"decimal128(38, 6)","decimal128(38, 6)",FIXED_LEN_BYTE_ARRAY
mesh_dev,stg_jaffle_shop__products,6,is_food_item,BOOLEAN,YES,bool,bool,BOOLEAN
mesh_dev,stg_jaffle_shop__products,7,is_drink_item,BOOLEAN,YES,bool,bool,BOOLEAN
mesh_dev,stg_jaffle_shop__supplies,1,supply_uuid,TEXT(32),NO,string,string,BYTE_ARRAY
mesh_dev,stg_jaffle_shop__supplies,2,supply_id,TEXT(16777216),YES,string,string,BYTE_ARRAY
mesh_dev,stg_jaffle_shop__supplies,3,product_id,TEXT(16777216),YES,string,string,BYTE_ARRAY
mesh_dev,stg_jaffle_shop__supplies,4,supply_name,TEXT(16777216),YES,string,string,BYTE_ARRAY
mesh_dev,stg_jaffle_shop__supplies,5,supply_cost,"NUMBER(38,6)",YES,"decimal128(38, 6)","decimal128(38, 6)",FIXED_LEN_BYTE_ARRAY
mesh_dev,stg_jaffle_shop__supplies,6,is_perishable_supply,BOOLEAN,YES,bool,bool,BOOLEAN
mesh_dev,stg_locations,1,location_id,TEXT(16777216),YES,string,string,BYTE_ARRAY
mesh_dev,stg_locations,2,location_name,TEXT(16777216),YES,string,string,BYTE_ARRAY
mesh_dev,stg_locations,3,tax_rate,"NUMBER(38,4)",YES,"decimal128(38, 4)","decimal128(38, 4)",FIXED_LEN_BYTE_ARRAY
mesh_dev,stg_locations,4,location_opened_at,TIMESTAMP_NTZ,YES,timestamp[ns],timestamp[us],INT64
mesh_dev,stg_orders,1,order_id,TEXT(16777216),YES,string,string,BYTE_ARRAY
mesh_dev,stg_orders,2,location_id,TEXT(16777216),YES,string,string,BYTE_ARRAY
mesh_dev,stg_orders,3,customer_id,TEXT(16777216),YES,string,string,BYTE_ARRAY
mesh_dev,stg_orders,4,order_total,"NUMBER(38,6)",YES,"decimal128(38, 6)","decimal128(38, 6)",FIXED_LEN_BYTE_ARRAY
mesh_dev,stg_orders,5,tax_paid,"NUMBER(38,6)",YES,"decimal128(38, 6)","decimal128(38, 6)",FIXED_LEN_BYTE_ARRAY
mesh_dev,stg_orders,6,ordered_at,TIMESTAMP_NTZ,YES,timestamp[ns],timestamp[us],INT64
mesh_dev,stg_order_items,1,order_item_id,TEXT(16777216),YES,string,string,BYTE_ARRAY
mesh_dev,stg_order_items,2,order_id,TEXT(16777216),YES,string,string,BYTE_ARRAY
mesh_dev,stg_order_items,3,product_id,TEXT(16777216),YES,string,string,BYTE_ARRAY
mesh_dev,stg_products,1,product_id,TEXT(16777216),YES,string,string,BYTE_ARRAY
mesh_dev,stg_products,2,product_name,TEXT(16777216),YES,string,string,BYTE_ARRAY
mesh_dev,stg_products,3,product_type,TEXT(16777216),YES,string,string,BYTE_ARRAY
mesh_dev,stg_products,4,product_description,TEXT(16777216),YES,string,string,BYTE_ARRAY
mesh_dev,stg_products,5,product_price,"NUMBER(38,6)",YES,"decimal128(38, 6)","decimal128(38, 6)",FIXED_LEN_BYTE_ARRAY
mesh_dev,stg_products,6,is_food_item,BOOLEAN,YES,bool,bool,BOOLEAN
mesh_dev,stg_products,7,is_drink_item,BOOLEAN,YES,bool,bool,BOOLEAN
mesh_dev,stg_supplies,1,supply_uuid,TEXT(32),NO,string,string,BYTE_ARRAY
mesh_dev,stg_supplies,2,supply_id,TEXT(16777216),YES,string,string,BYTE_ARRAY
mesh_dev,stg_supplies,3,product_id,TEXT(16777216),YES,string,string,BYTE_ARRAY
mesh_dev,stg_supplies,4,supply_name,TEXT(16777216),YES,string,string,BYTE_ARRAY
mesh_dev,stg_supplies,5,supply_cost,"NUMBER(38,6)",YES,"decimal128(38, 6)","decimal128(38, 6)",FIXED_LEN_BYTE_ARRAY
mesh_dev,stg_supplies,6,is_perishable_supply,BOOLEAN,YES,bool,bool,BOOLEAN
prod,customer_orders_legacy,1,customer_id,"NUMBER(38,0)",YES,int8,"decimal128(38, 0)",FIXED_LEN_BYTE_ARRAY
prod,customer_orders_legacy,2,order_id,"NUMBER(38,0)",YES,int8,"decimal128(38, 0)",FIXED_LEN_BYTE_ARRAY
prod,customer_orders_legacy,3,order_placed_at,DATE,YES,date32[day],date32[day],INT32
prod,customer_orders_legacy,4,order_status,TEXT(16777216),YES,string,string,BYTE_ARRAY
prod,customer_orders_legacy,5,total_amount_paid,"NUMBER(38,6)",YES,"decimal128(38, 6)","decimal128(38, 6)",FIXED_LEN_BYTE_ARRAY
prod,customer_orders_legacy,6,payment_finalized_date,DATE,YES,date32[day],date32[day],INT32
prod,customer_orders_legacy,7,customer_first_name,TEXT(16777216),YES,string,string,BYTE_ARRAY
prod,customer_orders_legacy,8,customer_last_name,TEXT(16777216),YES,string,string,BYTE_ARRAY
prod,customer_orders_legacy,9,transaction_seq,"NUMBER(18,0)",YES,int8,int64,INT64
prod,customer_orders_legacy,10,customer_sales_seq,"NUMBER(18,0)",YES,int8,int64,INT64
prod,customer_orders_legacy,11,nvsr,TEXT(6),YES,string,string,BYTE_ARRAY
prod,customer_orders_legacy,12,running_clv,"NUMBER(38,6)",YES,"decimal128(38, 6)","decimal128(38, 6)",FIXED_LEN_BYTE_ARRAY
prod,customer_orders_legacy,13,fdos,DATE,YES,date32[day],date32[day],INT32
prod,date_spine,1,date_day,DATE,NO,date32[day],date32[day],INT32
prod,dim_customers,1,customer_id,"NUMBER(38,0)",YES,int8,"decimal128(38, 0)",FIXED_LEN_BYTE_ARRAY
prod,dim_customers,2,customer_first_name,TEXT(16777216),YES,string,string,BYTE_ARRAY
prod,dim_customers,3,customer_last_name,TEXT(16777216),YES,string,string,BYTE_ARRAY
prod,dim_customers,4,first_order_date,DATE,YES,date32[day],date32[day],INT32
prod,dim_customers,5,most_recent_order_date,DATE,YES,date32[day],date32[day],INT32
prod,dim_customers,6,number_of_orders,"NUMBER(18,0)",YES,int8,int64,INT64
prod,dim_customers,7,lifetime_value,"NUMBER(38,2)",YES,"decimal128(38, 2)","decimal128(38, 2)",FIXED_LEN_BYTE_ARRAY
prod,employees,1,employee_id,"NUMBER(38,0)",YES,int16,"decimal128(38, 0)",FIXED_LEN_BYTE_ARRAY
prod,employees,2,email,TEXT(16777216),YES,string,string,BYTE_ARRAY
prod,employees,3,customer_id,"NUMBER(38,0)",YES,int8,"decimal128(38, 0)",FIXED_LEN_BYTE_ARRAY
prod,fct_customer_orders,1,order_id,"NUMBER(38,0)",YES,int8,"decimal128(38, 0)",FIXED_LEN_BYTE_ARRAY
prod,fct_customer_orders,2,customer_id,"NUMBER(38,0)",YES,int8,"decimal128(38, 0)",FIXED_LEN_BYTE_ARRAY
prod,fct_customer_orders,3,order_placed_at,DATE,YES,date32[day],date32[day],INT32
prod,fct_customer_orders,4,order_status,TEXT(16777216),YES,string,string,BYTE_ARRAY
prod,fct_customer_orders,5,total_amount_paid,"NUMBER(38,2)",YES,"decimal128(38, 2)","decimal128(38, 2)",FIXED_LEN_BYTE_ARRAY
prod,fct_customer_orders,6,payment_finalized_date,DATE,YES,date32[day],date32[day],INT32
prod,fct_customer_orders,7,customer_first_name,TEXT(16777216),YES,string,string,BYTE_ARRAY
prod,fct_customer_orders,8,customer_last_name,TEXT(16777216),YES,string,string,BYTE_ARRAY
prod,fct_customer_orders,9,transaction_seq,"NUMBER(18,0)",YES,int8,int64,INT64
prod,fct_customer_orders,10,customer_sales_seq,"NUMBER(18,0)",YES,int8,int64,INT64
prod,fct_customer_orders,11,nvsr,TEXT(6),YES,string,string,BYTE_ARRAY
prod,fct_customer_orders,12,running_clv,"NUMBER(38,2)",YES,"decimal128(38, 2)","decimal128(38, 2)",FIXED_LEN_BYTE_ARRAY
prod,fct_customer_orders,13,fdos,DATE,YES,date32[day],date32[day],INT32
prod,fct_orders,1,order_id,"NUMBER(38,0)",YES,int8,"decimal128(38, 0)",FIXED_LEN_BYTE_ARRAY
prod,fct_orders,2,customer_id,"NUMBER(38,0)",YES,int8,"decimal128(38, 0)",FIXED_LEN_BYTE_ARRAY
prod,fct_orders,3,order_placed_at,DATE,YES,date32[day],date32[day],INT32
prod,fct_orders,4,order_status,TEXT(16777216),YES,string,string,BYTE_ARRAY
prod,fct_orders,5,total_order_amount,"NUMBER(38,2)",YES,"decimal128(38, 2)","decimal128(38, 2)",FIXED_LEN_BYTE_ARRAY
prod,fct_orders,6,payment_finalized_date,DATE,YES,date32[day],date32[day],INT32
prod,fct_orders,7,transaction_seq,"NUMBER(18,0)",YES,int8,int64,INT64
prod,fct_orders,8,customer_sales_seq,"NUMBER(18,0)",YES,int8,int64,INT64
prod,fct_orders,9,nvsr,TEXT(6),YES,string,string,BYTE_ARRAY
prod,fct_orders,10,fdos,DATE,YES,date32[day],date32[day],INT32
prod,fct_orders,11,running_clv,"NUMBER(38,2)",YES,"decimal128(38, 2)","decimal128(38, 2)",FIXED_LEN_BYTE_ARRAY
prod,int_orders__pivoted,1,order_id,"NUMBER(38,0)",YES,int8,"decimal128(38, 0)",FIXED_LEN_BYTE_ARRAY
prod,int_orders__pivoted,2,credit_card_amount,"NUMBER(38,2)",YES,"decimal128(38, 2)","decimal128(38, 2)",FIXED_LEN_BYTE_ARRAY
prod,int_orders__pivoted,3,coupon_amount,"NUMBER(38,2)",YES,"decimal128(38, 2)","decimal128(38, 2)",FIXED_LEN_BYTE_ARRAY
prod,int_orders__pivoted,4,bank_transfer_amount,"NUMBER(38,2)",YES,"decimal128(38, 2)","decimal128(38, 2)",FIXED_LEN_BYTE_ARRAY
prod,int_orders__pivoted,5,gift_card_amount,"NUMBER(38,2)",YES,"decimal128(38, 2)","decimal128(38, 2)",FIXED_LEN_BYTE_ARRAY
prod,int_order_payments,1,order_id,"NUMBER(38,0)",YES,int8,"decimal128(38, 0)",FIXED_LEN_BYTE_ARRAY
prod,int_order_payments,2,payment_finalized_date,DATE,YES,date32[day],date32[day],INT32
prod,int_order_payments,3,total_order_amount,"NUMBER(38,2)",YES,"decimal128(38, 2)","decimal128(38, 2)",FIXED_LEN_BYTE_ARRAY
prod,int_order_payments,4,_batched_at,TIMESTAMP_NTZ,YES,timestamp[ns],timestamp[us],INT64
prod,is_holiday_2024,1,date_day,DATE,YES,date32[day],date32[day],INT32
prod,is_holiday_2024,2,is_holiday,BOOLEAN,YES,bool,bool,BOOLEAN
prod,stg_jaffle_shop_customers,1,customer_id,"NUMBER(38,0)",YES,int8,"decimal128(38, 0)",FIXED_LEN_BYTE_ARRAY
prod,stg_jaffle_shop_customers,2,customer_first_name,TEXT(16777216),YES,string,string,BYTE_ARRAY
prod,stg_jaffle_shop_customers,3,customer_last_name,TEXT(16777216),YES,string,string,BYTE_ARRAY
prod,stg_jaffle_shop_orders,1,order_id,"NUMBER(38,0)",YES,int8,"decimal128(38, 0)",FIXED_LEN_BYTE_ARRAY
prod,stg_jaffle_shop_orders,2,customer_id,"NUMBER(38,0)",YES,int8,"decimal128(38, 0)",FIXED_LEN_BYTE_ARRAY
prod,stg_jaffle_shop_orders,3,order_placed_at,DATE,YES,date32[day],date32[day],INT32
prod,stg_jaffle_shop_orders,4,order_status,TEXT(16777216),YES,string,string,BYTE_ARRAY
prod,stg_jaffle_shop_orders,5,_etl_loaded_at,TIMESTAMP_NTZ,YES,timestamp[ns],timestamp[us],INT64
prod,stg_stripe_payment,1,order_id,"NUMBER(38,0)",YES,int8,"decimal128(38, 0)",FIXED_LEN_BYTE_ARRAY
prod,stg_stripe_payment,2,payment_id,"NUMBER(38,0)",YES,int16,"decimal128(38, 0)",FIXED_LEN_BYTE_ARRAY
prod,stg_stripe_payment,3,payment_method,TEXT(16777216),YES,string,string,BYTE_ARRAY
prod,stg_stripe_payment,4,payment_status,TEXT(16777216),YES,string,string,BYTE_ARRAY
prod,stg_stripe_payment,5,payment_amount,"NUMBER(38,2)",YES,"decimal128(38, 2)","decimal128(38, 2)",FIXED_LEN_BYTE_ARRAY
prod,stg_stripe_payment,6,payment_created_at,DATE,YES,date32[day],date32[day],INT32
prod,stg_stripe_payment,7,_batched_at,TIMESTAMP_NTZ,YES,timestamp[ns],timestamp[us],INT64
